Студент_0,100,3.00,Запись №0
Студент_1,101,3.05,Запись №1
Студент_2,102,3.10,Запись №2
Студент_3,103,3.15,Запись №3
Студент_4,104,3.20,Запись №4
Студент_5,105,3.25,Запись №5
Студент_6,106,3.30,Запись №6
Студент_7,107,3.35,Запись №7
Студент_8,108,3.40,Запись №8
Студент_9,109,3.45,Запись №9
Студент_10,100,3.50,Запись №10
Студент_11,101,3.55,Запись №11
Студент_12,102,3.60,Запись №12
Студент_13,103,3.65,Запись №13
Студент_14,104,3.70,Запись №14
Студент_15,105,3.75,Запись №15
Студент_16,106,3.80,Запись №16
Студент_17,107,3.85,Запись №17
Студент_18,108,3.90,Запись №18
Студент_19,109,3.95,Запись №19
Студент_20,100,4.00,Запись №20
Студент_21,101,4.05,Запись №21
Студент_22,102,4.10,Запись №22
Студент_23,103,4.15,Запись №23
Студент_24,104,4.20,Запись №24
Студент_25,105,4.25,Запись №25
Студент_26,106,4.30,Запись №26
Студент_27,107,4.35,Запись №27
Студент_28,108,4.40,Запись №28
Студент_29,109,4.45,Запись №29
Студент_30,100,4.50,Запись №30
Студент_31,101,4.55,Запись №31
Студент_32,102,4.60,Запись №32
Студент_33,103,4.65,Запись №33
Студент_34,104,4.70,Запись №34
Студент_35,105,4.75,Запись №35
Студент_36,106,4.80,Запись №36
Студент_37,107,4.85,Запись №37
Студент_38,108,4.90,Запись №38
Студент_39,109,4.95,Запись №39
Студент_40,100,3.00,Запись №40
Студент_41,101,3.05,Запись №41
Студент_42,102,3.10,Запись №42
Студент_43,103,3.15,Запись №43
Студент_44,104,3.20,Запись №44
Студент_45,105,3.25,Запись №45
Студент_46,106,3.30,Запись №46
Студент_47,107,3.35,Запись №47
Студент_48,108,3.40,Запись №48
Студент_49,109,3.45,Запись №49
Студент_50,100,3.50,Запись №50
Студент_51,101,3.55,Запись №51
Студент_52,102,3.60,Запись №52
Студент_53,103,3.65,Запись №53
Студент_54,104,3.70,Запись №54
Студент_55,105,3.75,Запись №55
Студент_56,106,3.80,Запись №56
Студент_57,107,3.85,Запись №57
Студент_58,108,3.90,Запись №58
Студент_59,109,3.95,Запись №59
Студент_60,100,4.00,Запись №60
Студент_61,101,4.05,Запись №61
Студент_62,102,4.10,Запись №62
Студент_63,103,4.15,Запись №63
Студент_64,104,4.20,Запись №64
Студент_65,105,4.25,Запись №65
Студент_66,106,4.30,Запись №66
Студент_67,107,4.35,Запись №67
Студент_68,108,4.40,Запись №68
Студент_69,109,4.45,Запись №69
Студент_70,100,4.50,Запись №70
Студент_71,101,4.55,Запись №71
Студент_72,102,4.60,Запись №72
Студент_73,103,4.65,Запись №73
Студент_74,104,4.70,Запись №74
Студент_75,105,4.75,Запись №75
Студент_76,106,4.80,Запись №76
Студент_77,107,4.85,Запись №77
Студент_78,108,4.90,Запись №78
Студент_79,109,4.95,Запись №79
Студент_80,100,3.00,Запись №80
Студент_81,101,3.05,Запись №81
Студент_82,102,3.10,Запись №82
Студент_83,103,3.15,Запись №83
Студент_84,104,3.20,Запись №84
Студент_85,105,3.25,Запись №85
Студент_86,106,3.30,Запись №86
Студент_87,107,3.35,Запись №87
Студент_88,108,3.40,Запись №88
Студент_89,109,3.45,Запись №89
Студент_90,100,3.50,Запись №90
Студент_91,101,3.55,Запись №91
Студент_92,102,3.60,Запись №92
Студент_93,103,3.65,Запись №93
Студент_94,104,3.70,Запись №94
Студент_95,105,3.75,Запись №95
Студент_96,106,3.80,Запись №96
Студент_97,107,3.85,Запись №97
Студент_98,108,3.90,Запись №98
Студент_99,109,3.95,Запись №99
Студент_100,100,4.00,Запись №100
Студент_101,101,4.05,Запись №101
Студент_102,102,4.10,Запись №102
Студент_103,103,4.15,Запись №103
Студент_104,104,4.20,Запись №104
Студент_105,105,4.25,Запись №105
Студент_106,106,4.30,Запись №106
Студент_107,107,4.35,Запись №107
Студент_108,108,4.40,Запись №108
Студент_109,109,4.45,Запись №109
Студент_110,100,4.50,Запись №110
Студент_111,101,4.55,Запись №111
Студент_112,102,4.60,Запись №112
Студент_113,103,4.65,Запись №113
Студент_114,104,4.70,Запись №114
Студент_115,105,4.75,Запись №115
Студент_116,106,4.80,Запись №116
Студент_117,107,4.85,Запись №117
Студент_118,108,4.90,Запись №118
Студент_119,109,4.95,Запись №119
Студент_120,100,3.00,Запись №120
Студент_121,101,3.05,Запись №121
Студент_122,102,3.10,Запись №122
Студент_123,103,3.15,Запись №123
Студент_124,104,3.20,Запись №124
Студент_125,105,3.25,Запись №125
Студент_126,106,3.30,Запись №126
Студент_127,107,3.35,Запись №127
Студент_128,108,3.40,Запись №128
Студент_129,109,3.45,Запись №129
Студент_130,100,3.50,Запись №130
Студент_131,101,3.55,Запись №131
Студент_132,102,3.60,Запись №132
Студент_133,103,3.65,Запись №133
Студент_134,104,3.70,Запись №134
Студент_135,105,3.75,Запись №135
Студент_136,106,3.80,Запись №136
Студент_137,107,3.85,Запись №137
Студент_138,108,3.90,Запись №138
Студент_139,109,3.95,Запись №139
Студент_140,100,4.00,Запись №140
Студент_141,101,4.05,Запись №141
Студент_142,102,4.10,Запись №142
Студент_143,103,4.15,Запись №143
Студент_144,104,4.20,Запись №144
Студент_145,105,4.25,Запись №145
Студент_146,106,4.30,Запись №146
Студент_147,107,4.35,Запись №147
Студент_148,108,4.40,Запись №148
Студент_149,109,4.45,Запись №149
Студент_150,100,4.50,Запись №150
Студент_151,101,4.55,Запись №151
Студент_152,102,4.60,Запись №152
Студент_153,103,4.65,Запись №153
Студент_154,104,4.70,Запись №154
Студент_155,105,4.75,Запись №155
Студент_156,106,4.80,Запись №156
Студент_157,107,4.85,Запись №157
Студент_158,108,4.90,Запись №158
Студент_159,109,4.95,Запись №159
Студент_160,100,3.00,Запись №160
Студент_161,101,3.05,Запись №161
Студент_162,102,3.10,Запись №162
Студент_163,103,3.15,Запись №163
Студент_164,104,3.20,Запись №164
Студент_165,105,3.25,Запись №165
Студент_166,106,3.30,Запись №166
Студент_167,107,3.35,Запись №167
Студент_168,108,3.40,Запись №168
Студент_169,109,3.45,Запись №169
Студент_170,100,3.50,Запись №170
Студент_171,101,3.55,Запись №171
Студент_172,102,3.60,Запись №172
Студент_173,103,3.65,Запись №173
Студент_174,104,3.70,Запись №174
Студент_175,105,3.75,Запись №175
Студент_176,106,3.80,Запись №176
Студент_177,107,3.85,Запись №177
Студент_178,108,3.90,Запись №178
Студент_179,109,3.95,Запись №179
Студент_180,100,4.00,Запись №180
Студент_181,101,4.05,Запись №181
Студент_182,102,4.10,Запись №182
Студент_183,103,4.15,Запись №183
Студент_184,104,4.20,Запись №184
Студент_185,105,4.25,Запись №185
Студент_186,106,4.30,Запись №186
Студент_187,107,4.35,Запись №187
Студент_188,108,4.40,Запись №188
Студент_189,109,4.45,Запись №189
Студент_190,100,4.50,Запись №190
Студент_191,101,4.55,Запись №191
Студент_192,102,4.60,Запись №192
Студент_193,103,4.65,Запись №193
Студент_194,104,4.70,Запись №194
Студент_195,105,4.75,Запись №195
Студент_196,106,4.80,Запись №196
Студент_197,107,4.85,Запись №197
Студент_198,108,4.90,Запись №198
Студент_199,109,4.95,Запись №199
Студент_200,100,3.00,Запись №200
Студент_201,101,3.05,Запись №201
Студент_202,102,3.10,Запись №202
Студент_203,103,3.15,Запись №203
Студент_204,104,3.20,Запись №204
Студент_205,105,3.25,Запись №205
Студент_206,106,3.30,Запись №206
Студент_207,107,3.35,Запись №207
Студент_208,108,3.40,Запись №208
Студент_209,109,3.45,Запись №209
Студент_210,100,3.50,Запись №210
Студент_211,101,3.55,Запись №211
Студент_212,102,3.60,Запись №212
Студент_213,103,3.65,Запись №213
Студент_214,104,3.70,Запись №214
Студент_215,105,3.75,Запись №215
Студент_216,106,3.80,Запись №216
Студент_217,107,3.85,Запись №217
Студент_218,108,3.90,Запись №218
Студент_219,109,3.95,Запись №219
Студент_220,100,4.00,Запись №220
Студент_221,101,4.05,Запись №221
Студент_222,102,4.10,Запись №222
Студент_223,103,4.15,Запись №223
Студент_224,104,4.20,Запись №224
Студент_225,105,4.25,Запись №225
Студент_226,106,4.30,Запись №226
Студент_227,107,4.35,Запись №227
Студент_228,108,4.40,Запись №228
Студент_229,109,4.45,Запись №229
Студент_230,100,4.50,Запись №230
Студент_231,101,4.55,Запись №231
Студент_232,102,4.60,Запись №232
Студент_233,103,4.65,Запись №233
Студент_234,104,4.70,Запись №234
Студент_235,105,4.75,Запись №235
Студент_236,106,4.80,Запись №236
Студент_237,107,4.85,Запись №237
Студент_238,108,4.90,Запись №238
Студент_239,109,4.95,Запись №239
Студент_240,100,3.00,Запись №240
Студент_241,101,3.05,Запись №241
Студент_242,102,3.10,Запись №242
Студент_243,103,3.15,Запись №243
Студент_244,104,3.20,Запись №244
Студент_245,105,3.25,Запись №245
Студент_246,106,3.30,Запись №246
Студент_247,107,3.35,Запись №247
Студент_248,108,3.40,Запись №248
Студент_249,109,3.45,Запись №249
Студент_250,100,3.50,Запись №250
Студент_251,101,3.55,Запись №251
Студент_252,102,3.60,Запись №252
Студент_253,103,3.65,Запись №253
Студент_254,104,3.70,Запись №254
Студент_255,105,3.75,Запись №255
Студент_256,106,3.80,Запись №256
Студент_257,107,3.85,Запись №257
Студент_258,108,3.90,Запись №258
Студент_259,109,3.95,Запись №259
Студент_260,100,4.00,Запись №260
Студент_261,101,4.05,Запись №261
Студент_262,102,4.10,Запись №262
Студент_263,103,4.15,Запись №263
Студент_264,104,4.20,Запись №264
Студент_265,105,4.25,Запись №265
Студент_266,106,4.30,Запись №266
Студент_267,107,4.35,Запись №267
Студент_268,108,4.40,Запись №268
Студент_269,109,4.45,Запись №269
Студент_270,100,4.50,Запись №270
Студент_271,101,4.55,Запись №271
Студент_272,102,4.60,Запись №272
Студент_273,103,4.65,Запись №273
Студент_274,104,4.70,Запись №274
Студент_275,105,4.75,Запись №275
Студент_276,106,4.80,Запись №276
Студент_277,107,4.85,Запись №277
Студент_278,108,4.90,Запись №278
Студент_279,109,4.95,Запись №279
Студент_280,100,3.00,Запись №280
Студент_281,101,3.05,Запись №281
Студент_282,102,3.10,Запись №282
Студент_283,103,3.15,Запись №283
Студент_284,104,3.20,Запись №284
Студент_285,105,3.25,Запись №285
Студент_286,106,3.30,Запись №286
Студент_287,107,3.35,Запись №287
Студент_288,108,3.40,Запись №288
Студент_289,109,3.45,Запись №289
Студент_290,100,3.50,Запись №290
Студент_291,101,3.55,Запись №291
Студент_292,102,3.60,Запись №292
Студент_293,103,3.65,Запись №293
Студент_294,104,3.70,Запись №294
Студент_295,105,3.75,Запись №295
Студент_296,106,3.80,Запись №296
Студент_297,107,3.85,Запись №297
Студент_298,108,3.90,Запись №298
Студент_299,109,3.95,Запись №299
Студент_300,100,4.00,Запись №300
Студент_301,101,4.05,Запись №301
Студент_302,102,4.10,Запись №302
Студент_303,103,4.15,Запись №303
Студент_304,104,4.20,Запись №304
Студент_305,105,4.25,Запись №305
Студент_306,106,4.30,Запись №306
Студент_307,107,4.35,Запись №307
Студент_308,108,4.40,Запись №308
Студент_309,109,4.45,Запись №309
Студент_310,100,4.50,Запись №310
Студент_311,101,4.55,Запись №311
Студент_312,102,4.60,Запись №312
Студент_313,103,4.65,Запись №313
Студент_314,104,4.70,Запись №314
Студент_315,105,4.75,Запись №315
Студент_316,106,4.80,Запись №316
Студент_317,107,4.85,Запись №317
Студент_318,108,4.90,Запись №318
Студент_319,109,4.95,Запись №319
Студент_320,100,3.00,Запись №320
Студент_321,101,3.05,Запись №321
Студент_322,102,3.10,Запись №322
Студент_323,103,3.15,Запись №323
Студент_324,104,3.20,Запись №324
Студент_325,105,3.25,Запись №325
Студент_326,106,3.30,Запись №326
Студент_327,107,3.35,Запись №327
Студент_328,108,3.40,Запись №328
Студент_329,109,3.45,Запись №329
Студент_330,100,3.50,Запись №330
Студент_331,101,3.55,Запись №331
Студент_332,102,3.60,Запись №332
Студент_333,103,3.65,Запись №333
Студент_334,104,3.70,Запись №334
Студент_335,105,3.75,Запись №335
Студент_336,106,3.80,Запись №336
Студент_337,107,3.85,Запись №337
Студент_338,108,3.90,Запись №338
Студент_339,109,3.95,Запись №339
Студент_340,100,4.00,Запись №340
Студент_341,101,4.05,Запись №341
Студент_342,102,4.10,Запись №342
Студент_343,103,4.15,Запись №343
Студент_344,104,4.20,Запись №344
Студент_345,105,4.25,Запись №345
Студент_346,106,4.30,Запись №346
Студент_347,107,4.35,Запись №347
Студент_348,108,4.40,Запись №348
Студент_349,109,4.45,Запись №349
Студент_350,100,4.50,Запись №350
Студент_351,101,4.55,Запись №351
Студент_352,102,4.60,Запись №352
Студент_353,103,4.65,Запись №353
Студент_354,104,4.70,Запись №354
Студент_355,105,4.75,Запись №355
Студент_356,106,4.80,Запись №356
Студент_357,107,4.85,Запись №357
Студент_358,108,4.90,Запись №358
Студент_359,109,4.95,Запись №359
Студент_360,100,3.00,Запись №360
Студент_361,101,3.05,Запись №361
Студент_362,102,3.10,Запись №362
Студент_363,103,3.15,Запись №363
Студент_364,104,3.20,Запись №364
Студент_365,105,3.25,Запись №365
Студент_366,106,3.30,Запись №366
Студент_367,107,3.35,Запись №367
Студент_368,108,3.40,Запись №368
Студент_369,109,3.45,Запись №369
Студент_370,100,3.50,Запись №370
Студент_371,101,3.55,Запись №371
Студент_372,102,3.60,Запись №372
Студент_373,103,3.65,Запись №373
Студент_374,104,3.70,Запись №374
Студент_375,105,3.75,Запись №375
Студент_376,106,3.80,Запись №376
Студент_377,107,3.85,Запись №377
Студент_378,108,3.90,Запись №378
Студент_379,109,3.95,Запись №379
Студент_380,100,4.00,Запись №380
Студент_381,101,4.05,Запись №381
Студент_382,102,4.10,Запись №382
Студент_383,103,4.15,Запись №383
Студент_384,104,4.20,Запись №384
Студент_385,105,4.25,Запись №385
Студент_386,106,4.30,Запись №386
Студент_387,107,4.35,Запись №387
Студент_388,108,4.40,Запись №388
Студент_389,109,4.45,Запись №389
Студент_390,100,4.50,Запись №390
Студент_391,101,4.55,Запись №391
Студент_392,102,4.60,Запись №392
Студент_393,103,4.65,Запись №393
Студент_394,104,4.70,Запись №394
Студент_395,105,4.75,Запись №395
Студент_396,106,4.80,Запись №396
Студент_397,107,4.85,Запись №397
Студент_398,108,4.90,Запись №398
Студент_399,109,4.95,Запись №399
Студент_400,100,3.00,Запись №400
Студент_401,101,3.05,Запись №401
Студент_402,102,3.10,Запись №402
Студент_403,103,3.15,Запись №403
Студент_404,104,3.20,Запись №404
Студент_405,105,3.25,Запись №405
Студент_406,106,3.30,Запись №406
Студент_407,107,3.35,Запись №407
Студент_408,108,3.40,Запись №408
Студент_409,109,3.45,Запись №409
Студент_410,100,3.50,Запись №410
Студент_411,101,3.55,Запись №411
Студент_412,102,3.60,Запись №412
Студент_413,103,3.65,Запись №413
Студент_414,104,3.70,Запись №414
Студент_415,105,3.75,Запись №415
Студент_416,106,3.80,Запись №416
Студент_417,107,3.85,Запись №417
Студент_418,108,3.90,Запись №418
Студент_419,109,3.95,Запись №419
Студент_420,100,4.00,Запись №420
Студент_421,101,4.05,Запись №421
Студент_422,102,4.10,Запись №422
Студент_423,103,4.15,Запись №423
Студент_424,104,4.20,Запись №424
Студент_425,105,4.25,Запись №425
Студент_426,106,4.30,Запись №426
Студент_427,107,4.35,Запись №427
Студент_428,108,4.40,Запись №428
Студент_429,109,4.45,Запись №429
Студент_430,100,4.50,Запись №430
Студент_431,101,4.55,Запись №431
Студент_432,102,4.60,Запись №432
Студент_433,103,4.65,Запись №433
Студент_434,104,4.70,Запись №434
Студент_435,105,4.75,Запись №435
Студент_436,106,4.80,Запись №436
Студент_437,107,4.85,Запись №437
Студент_438,108,4.90,Запись №438
Студент_439,109,4.95,Запись №439
Студент_440,100,3.00,Запись №440
Студент_441,101,3.05,Запись №441
Студент_442,102,3.10,Запись №442
Студент_443,103,3.15,Запись №443
Студент_444,104,3.20,Запись №444
Студент_445,105,3.25,Запись №445
Студент_446,106,3.30,Запись №446
Студент_447,107,3.35,Запись №447
Студент_448,108,3.40,Запись №448
Студент_449,109,3.45,Запись №449
Студент_450,100,3.50,Запись №450
Студент_451,101,3.55,Запись №451
Студент_452,102,3.60,Запись №452
Студент_453,103,3.65,Запись №453
Студент_454,104,3.70,Запись №454
Студент_455,105,3.75,Запись №455
Студент_456,106,3.80,Запись №456
Студент_457,107,3.85,Запись №457
Студент_458,108,3.90,Запись №458
Студент_459,109,3.95,Запись №459
Студент_460,100,4.00,Запись №460
Студент_461,101,4.05,Запись №461
Студент_462,102,4.10,Запись №462
Студент_463,103,4.15,Запись №463
Студент_464,104,4.20,Запись №464
Студент_465,105,4.25,Запись №465
Студент_466,106,4.30,Запись №466
Студент_467,107,4.35,Запись №467
Студент_468,108,4.40,Запись №468
Студент_469,109,4.45,Запись №469
Студент_470,100,4.50,Запись №470
Студент_471,101,4.55,Запись №471
Студент_472,102,4.60,Запись №472
Студент_473,103,4.65,Запись №473
Студент_474,104,4.70,Запись №474
Студент_475,105,4.75,Запись №475
Студент_476,106,4.80,Запись №476
Студент_477,107,4.85,Запись №477
Студент_478,108,4.90,Запись №478
Студент_479,109,4.95,Запись №479
Студент_480,100,3.00,Запись №480
Студент_481,101,3.05,Запись №481
Студент_482,102,3.10,Запись №482
Студент_483,103,3.15,Запись №483
Студент_484,104,3.20,Запись №484
Студент_485,105,3.25,Запись №485
Студент_486,106,3.30,Запись №486
Студент_487,107,3.35,Запись №487
Студент_488,108,3.40,Запись №488
Студент_489,109,3.45,Запись №489
Студент_490,100,3.50,Запись №490
Студент_491,101,3.55,Запись №491
Студент_492,102,3.60,Запись №492
Студент_493,103,3.65,Запись №493
Студент_494,104,3.70,Запись №494
Студент_495,105,3.75,Запись №495
Студент_496,106,3.80,Запись №496
Студент_497,107,3.85,Запись №497
Студент_498,108,3.90,Запись №498
Студент_499,109,3.95,Запись №499
Студент_500,100,4.00,Запись №500
Студент_501,101,4.05,Запись №501
Студент_502,102,4.10,Запись №502
Студент_503,103,4.15,Запись №503
Студент_504,104,4.20,Запись №504
Студент_505,105,4.25,Запись №505
Студент_506,106,4.30,Запись №506
Студент_507,107,4.35,Запись №507
Студент_508,108,4.40,Запись №508
Студент_509,109,4.45,Запись №509
Студент_510,100,4.50,Запись №510
Студент_511,101,4.55,Запись №511
Студент_512,102,4.60,Запись №512
Студент_513,103,4.65,Запись №513
Студент_514,104,4.70,Запись №514
Студент_515,105,4.75,Запись №515
Студент_516,106,4.80,Запись №516
Студент_517,107,4.85,Запись №517
Студент_518,108,4.90,Запись №518
Студент_519,109,4.95,Запись №519
Студент_520,100,3.00,Запись №520
Студент_521,101,3.05,Запись №521
Студент_522,102,3.10,Запись №522
Студент_523,103,3.15,Запись №523
Студент_524,104,3.20,Запись №524
Студент_525,105,3.25,Запись №525
Студент_526,106,3.30,Запись №526
Студент_527,107,3.35,Запись №527
Студент_528,108,3.40,Запись №528
Студент_529,109,3.45,Запись №529
Студент_530,100,3.50,Запись №530
Студент_531,101,3.55,Запись №531
Студент_532,102,3.60,Запись №532
Студент_533,103,3.65,Запись №533
Студент_534,104,3.70,Запись №534
Студент_535,105,3.75,Запись №535
Студент_536,106,3.80,Запись №536
Студент_537,107,3.85,Запись №537
Студент_538,108,3.90,Запись №538
Студент_539,109,3.95,Запись №539
Студент_540,100,4.00,Запись №540
Студент_541,101,4.05,Запись №541
Студент_542,102,4.10,Запись №542
Студент_543,103,4.15,Запись №543
Студент_544,104,4.20,Запись №544
Студент_545,105,4.25,Запись №545
Студент_546,106,4.30,Запись №546
Студент_547,107,4.35,Запись №547
Студент_548,108,4.40,Запись №548
Студент_549,109,4.45,Запись №549
Студент_550,100,4.50,Запись №550
Студент_551,101,4.55,Запись №551
Студент_552,102,4.60,Запись №552
Студент_553,103,4.65,Запись №553
Студент_554,104,4.70,Запись №554
Студент_555,105,4.75,Запись №555
Студент_556,106,4.80,Запись №556
Студент_557,107,4.85,Запись №557
Студент_558,108,4.90,Запись №558
Студент_559,109,4.95,Запись №559
Студент_560,100,3.00,Запись №560
Студент_561,101,3.05,Запись №561
Студент_562,102,3.10,Запись №562
Студент_563,103,3.15,Запись №563
Студент_564,104,3.20,Запись №564
Студент_565,105,3.25,Запись №565
Студент_566,106,3.30,Запись №566
Студент_567,107,3.35,Запись №567
Студент_568,108,3.40,Запись №568
Студент_569,109,3.45,Запись №569
Студент_570,100,3.50,Запись №570
Студент_571,101,3.55,Запись №571
Студент_572,102,3.60,Запись №572
Студент_573,103,3.65,Запись №573
Студент_574,104,3.70,Запись №574
Студент_575,105,3.75,Запись №575
Студент_576,106,3.80,Запись №576
Студент_577,107,3.85,Запись №577
Студент_578,108,3.90,Запись №578
Студент_579,109,3.95,Запись №579
Студент_580,100,4.00,Запись №580
Студент_581,101,4.05,Запись №581
Студент_582,102,4.10,Запись №582
Студент_583,103,4.15,Запись №583
Студент_584,104,4.20,Запись №584
Студент_585,105,4.25,Запись №585
Студент_586,106,4.30,Запись №586
Студент_587,107,4.35,Запись №587
Студент_588,108,4.40,Запись №588
Студент_589,109,4.45,Запись №589
Студент_590,100,4.50,Запись №590
Студент_591,101,4.55,Запись №591
Студент_592,102,4.60,Запись №592
Студент_593,103,4.65,Запись №593
Студент_594,104,4.70,Запись №594
Студент_595,105,4.75,Запись №595
Студент_596,106,4.80,Запись №596
Студент_597,107,4.85,Запись №597
Студент_598,108,4.90,Запись №598
Студент_599,109,4.95,Запись №599
Студент_600,100,3.00,Запись №600
Студент_601,101,3.05,Запись №601
Студент_602,102,3.10,Запись №602
Студент_603,103,3.15,Запись №603
Студент_604,104,3.20,Запись №604
Студент_605,105,3.25,Запись №605
Студент_606,106,3.30,Запись №606
Студент_607,107,3.35,Запись №607
Студент_608,108,3.40,Запись №608
Студент_609,109,3.45,Запись №609
Студент_610,100,3.50,Запись №610
Студент_611,101,3.55,Запись №611
Студент_612,102,3.60,Запись №612
Студент_613,103,3.65,Запись №613
Студент_614,104,3.70,Запись №614
Студент_615,105,3.75,Запись №615
Студент_616,106,3.80,Запись №616
Студент_617,107,3.85,Запись №617
Студент_618,108,3.90,Запись №618
Студент_619,109,3.95,Запись №619
Студент_620,100,4.00,Запись №620
Студент_621,101,4.05,Запись №621
Студент_622,102,4.10,Запись №622
Студент_623,103,4.15,Запись №623
Студент_624,104,4.20,Запись №624
Студент_625,105,4.25,Запись №625
Студент_626,106,4.30,Запись №626
Студент_627,107,4.35,Запись №627
Студент_628,108,4.40,Запись №628
Студент_629,109,4.45,Запись №629
Студент_630,100,4.50,Запись №630
Студент_631,101,4.55,Запись №631
Студент_632,102,4.60,Запись №632
Студент_633,103,4.65,Запись №633
Студент_634,104,4.70,Запись №634
Студент_635,105,4.75,Запись №635
Студент_636,106,4.80,Запись №636
Студент_637,107,4.85,Запись №637
Студент_638,108,4.90,Запись №638
Студент_639,109,4.95,Запись №639
Студент_640,100,3.00,Запись №640
Студент_641,101,3.05,Запись №641
Студент_642,102,3.10,Запись №642
Студент_643,103,3.15,Запись №643
Студент_644,104,3.20,Запись №644
Студент_645,105,3.25,Запись №645
Студент_646,106,3.30,Запись №646
Студент_647,107,3.35,Запись №647
Студент_648,108,3.40,Запись №648
Студент_649,109,3.45,Запись №649
Студент_650,100,3.50,Запись №650
Студент_651,101,3.55,Запись №651
Студент_652,102,3.60,Запись №652
Студент_653,103,3.65,Запись №653
Студент_654,104,3.70,Запись №654
Студент_655,105,3.75,Запись №655
Студент_656,106,3.80,Запись №656
Студент_657,107,3.85,Запись №657
Студент_658,108,3.90,Запись №658
Студент_659,109,3.95,Запись №659
Студент_660,100,4.00,Запись №660
Студент_661,101,4.05,Запись №661
Студент_662,102,4.10,Запись №662
Студент_663,103,4.15,Запись №663
Студент_664,104,4.20,Запись №664
Студент_665,105,4.25,Запись №665
Студент_666,106,4.30,Запись №666
Студент_667,107,4.35,Запись №667
Студент_668,108,4.40,Запись №668
Студент_669,109,4.45,Запись №669
Студент_670,100,4.50,Запись №670
Студент_671,101,4.55,Запись №671
Студент_672,102,4.60,Запись №672
Студент_673,103,4.65,Запись №673
Студент_674,104,4.70,Запись №674
Студент_675,105,4.75,Запись №675
Студент_676,106,4.80,Запись №676
Студент_677,107,4.85,Запись №677
Студент_678,108,4.90,Запись №678
Студент_679,109,4.95,Запись №679
Студент_680,100,3.00,Запись №680
Студент_681,101,3.05,Запись №681
Студент_682,102,3.10,Запись №682
Студент_683,103,3.15,Запись №683
Студент_684,104,3.20,Запись №684
Студент_685,105,3.25,Запись №685
Студент_686,106,3.30,Запись №686
Студент_687,107,3.35,Запись №687
Студент_688,108,3.40,Запись №688
Студент_689,109,3.45,Запись №689
Студент_690,100,3.50,Запись №690
Студент_691,101,3.55,Запись №691
Студент_692,102,3.60,Запись №692
Студент_693,103,3.65,Запись №693
Студент_694,104,3.70,Запись №694
Студент_695,105,3.75,Запись №695
Студент_696,106,3.80,Запись №696
Студент_697,107,3.85,Запись №697
Студент_698,108,3.90,Запись №698
Студент_699,109,3.95,Запись №699
Студент_700,100,4.00,Запись №700
Студент_701,101,4.05,Запись №701
Студент_702,102,4.10,Запись №702
Студент_703,103,4.15,Запись №703
Студент_704,104,4.20,Запись №704
Студент_705,105,4.25,Запись №705
Студент_706,106,4.30,Запись №706
Студент_707,107,4.35,Запись №707
Студент_708,108,4.40,Запись №708
Студент_709,109,4.45,Запись №709
Студент_710,100,4.50,Запись №710
Студент_711,101,4.55,Запись №711
Студент_712,102,4.60,Запись №712
Студент_713,103,4.65,Запись №713
Студент_714,104,4.70,Запись №714
Студент_715,105,4.75,Запись №715
Студент_716,106,4.80,Запись №716
Студент_717,107,4.85,Запись №717
Студент_718,108,4.90,Запись №718
Студент_719,109,4.95,Запись №719
Студент_720,100,3.00,Запись №720
Студент_721,101,3.05,Запись №721
Студент_722,102,3.10,Запись №722
Студент_723,103,3.15,Запись №723
Студент_724,104,3.20,Запись №724
Студент_725,105,3.25,Запись №725
Студент_726,106,3.30,Запись №726
Студент_727,107,3.35,Запись №727
Студент_728,108,3.40,Запись №728
Студент_729,109,3.45,Запись №729
Студент_730,100,3.50,Запись №730
Студент_731,101,3.55,Запись №731
Студент_732,102,3.60,Запись №732
Студент_733,103,3.65,Запись №733
Студент_734,104,3.70,Запись №734
Студент_735,105,3.75,Запись №735
Студент_736,106,3.80,Запись №736
Студент_737,107,3.85,Запись №737
Студент_738,108,3.90,Запись №738
Студент_739,109,3.95,Запись №739
Студент_740,100,4.00,Запись №740
Студент_741,101,4.05,Запись №741
Студент_742,102,4.10,Запись №742
Студент_743,103,4.15,Запись №743
Студент_744,104,4.20,Запись №744
Студент_745,105,4.25,Запись №745
Студент_746,106,4.30,Запись №746
Студент_747,107,4.35,Запись №747
Студент_748,108,4.40,Запись №748
Студент_749,109,4.45,Запись №749
Студент_750,100,4.50,Запись №750
Студент_751,101,4.55,Запись №751
Студент_752,102,4.60,Запись №752
Студент_753,103,4.65,Запись №753
Студент_754,104,4.70,Запись №754
Студент_755,105,4.75,Запись №755
Студент_756,106,4.80,Запись №756
Студент_757,107,4.85,Запись №757
Студент_758,108,4.90,Запись №758
Студент_759,109,4.95,Запись №759
Студент_760,100,3.00,Запись №760
Студент_761,101,3.05,Запись №761
Студент_762,102,3.10,Запись №762
Студент_763,103,3.15,Запись №763
Студент_764,104,3.20,Запись №764
Студент_765,105,3.25,Запись №765
Студент_766,106,3.30,Запись №766
Студент_767,107,3.35,Запись №767
Студент_768,108,3.40,Запись №768
Студент_769,109,3.45,Запись №769
Студент_770,100,3.50,Запись №770
Студент_771,101,3.55,Запись №771
Студент_772,102,3.60,Запись №772
Студент_773,103,3.65,Запись №773
Студент_774,104,3.70,Запись №774
Студент_775,105,3.75,Запись №775
Студент_776,106,3.80,Запись №776
Студент_777,107,3.85,Запись №777
Студент_778,108,3.90,Запись №778
Студент_779,109,3.95,Запись №779
Студент_780,100,4.00,Запись №780
Студент_781,101,4.05,Запись №781
Студент_782,102,4.10,Запись №782
Студент_783,103,4.15,Запись №783
Студент_784,104,4.20,Запись №784
Студент_785,105,4.25,Запись №785
Студент_786,106,4.30,Запись №786
Студент_787,107,4.35,Запись №787
Студент_788,108,4.40,Запись №788
Студент_789,109,4.45,Запись №789
Студент_790,100,4.50,Запись №790
Студент_791,101,4.55,Запись №791
Студент_792,102,4.60,Запись №792
Студент_793,103,4.65,Запись №793
Студент_794,104,4.70,Запись №794
Студент_795,105,4.75,Запись №795
Студент_796,106,4.80,Запись №796
Студент_797,107,4.85,Запись №797
Студент_798,108,4.90,Запись №798
Студент_799,109,4.95,Запись №799
Студент_800,100,3.00,Запись №800
Студент_801,101,3.05,Запись №801
Студент_802,102,3.10,Запись №802
Студент_803,103,3.15,Запись №803
Студент_804,104,3.20,Запись №804
Студент_805,105,3.25,Запись №805
Студент_806,106,3.30,Запись №806
Студент_807,107,3.35,Запись №807
Студент_808,108,3.40,Запись №808
Студент_809,109,3.45,Запись №809
Студент_810,100,3.50,Запись №810
Студент_811,101,3.55,Запись №811
Студент_812,102,3.60,Запись №812
Студент_813,103,3.65,Запись №813
Студент_814,104,3.70,Запись №814
Студент_815,105,3.75,Запись №815
Студент_816,106,3.80,Запись №816
Студент_817,107,3.85,Запись №817
Студент_818,108,3.90,Запись №818
Студент_819,109,3.95,Запись №819
Студент_820,100,4.00,Запись №820
Студент_821,101,4.05,Запись №821
Студент_822,102,4.10,Запись №822
Студент_823,103,4.15,Запись №823
Студент_824,104,4.20,Запись №824
Студент_825,105,4.25,Запись №825
Студент_826,106,4.30,Запись №826
Студент_827,107,4.35,Запись №827
Студент_828,108,4.40,Запись №828
Студент_829,109,4.45,Запись №829
Студент_830,100,4.50,Запись №830
Студент_831,101,4.55,Запись №831
Студент_832,102,4.60,Запись №832
Студент_833,103,4.65,Запись №833
Студент_834,104,4.70,Запись №834
Студент_835,105,4.75,Запись №835
Студент_836,106,4.80,Запись №836
Студент_837,107,4.85,Запись №837
Студент_838,108,4.90,Запись №838
Студент_839,109,4.95,Запись №839
Студент_840,100,3.00,Запись №840
Студент_841,101,3.05,Запись №841
Студент_842,102,3.10,Запись №842
Студент_843,103,3.15,Запись №843
Студент_844,104,3.20,Запись №844
Студент_845,105,3.25,Запись №845
Студент_846,106,3.30,Запись №846
Студент_847,107,3.35,Запись №847
Студент_848,108,3.40,Запись №848
Студент_849,109,3.45,Запись №849
Студент_850,100,3.50,Запись №850
Студент_851,101,3.55,Запись №851
Студент_852,102,3.60,Запись №852
Студент_853,103,3.65,Запись №853
Студент_854,104,3.70,Запись №854
Студент_855,105,3.75,Запись №855
Студент_856,106,3.80,Запись №856
Студент_857,107,3.85,Запись №857
Студент_858,108,3.90,Запись №858
Студент_859,109,3.95,Запись №859
Студент_860,100,4.00,Запись №860
Студент_861,101,4.05,Запись №861
Студент_862,102,4.10,Запись №862
Студент_863,103,4.15,Запись №863
Студент_864,104,4.20,Запись №864
Студент_865,105,4.25,Запись №865
Студент_866,106,4.30,Запись №866
Студент_867,107,4.35,Запись №867
Студент_868,108,4.40,Запись №868
Студент_869,109,4.45,Запись №869
Студент_870,100,4.50,Запись №870
Студент_871,101,4.55,Запись №871
Студент_872,102,4.60,Запись №872
Студент_873,103,4.65,Запись №873
Студент_874,104,4.70,Запись №874
Студент_875,105,4.75,Запись №875
Студент_876,106,4.80,Запись №876
Студент_877,107,4.85,Запись №877
Студент_878,108,4.90,Запись №878
Студент_879,109,4.95,Запись №879
Студент_880,100,3.00,Запись №880
Студент_881,101,3.05,Запись №881
Студент_882,102,3.10,Запись №882
Студент_883,103,3.15,Запись №883
Студент_884,104,3.20,Запись №884
Студент_885,105,3.25,Запись №885
Студент_886,106,3.30,Запись №886
Студент_887,107,3.35,Запись №887
Студент_888,108,3.40,Запись №888
Студент_889,109,3.45,Запись №889
Студент_890,100,3.50,Запись №890
Студент_891,101,3.55,Запись №891
Студент_892,102,3.60,Запись №892
Студент_893,103,3.65,Запись №893
Студент_894,104,3.70,Запись №894
Студент_895,105,3.75,Запись №895
Студент_896,106,3.80,Запись №896
Студент_897,107,3.85,Запись №897
Студент_898,108,3.90,Запись №898
Студент_899,109,3.95,Запись №899
Студент_900,100,4.00,Запись №900
Студент_901,101,4.05,Запись №901
Студент_902,102,4.10,Запись №902
Студент_903,103,4.15,Запись №903
Студент_904,104,4.20,Запись №904
Студент_905,105,4.25,Запись №905
Студент_906,106,4.30,Запись №906
Студент_907,107,4.35,Запись №907
Студент_908,108,4.40,Запись №908
Студент_909,109,4.45,Запись №909
Студент_910,100,4.50,Запись №910
Студент_911,101,4.55,Запись №911
Студент_912,102,4.60,Запись №912
Студент_913,103,4.65,Запись №913
Студент_914,104,4.70,Запись №914
Студент_915,105,4.75,Запись №915
Студент_916,106,4.80,Запись №916
Студент_917,107,4.85,Запись №917
Студент_918,108,4.90,Запись №918
Студент_919,109,4.95,Запись №919
Студент_920,100,3.00,Запись №920
Студент_921,101,3.05,Запись №921
Студент_922,102,3.10,Запись №922
Студент_923,103,3.15,Запись №923
Студент_924,104,3.20,Запись №924
Студент_925,105,3.25,Запись №925
Студент_926,106,3.30,Запись №926
Студент_927,107,3.35,Запись №927
Студент_928,108,3.40,Запись №928
Студент_929,109,3.45,Запись №929
Студент_930,100,3.50,Запись №930
Студент_931,101,3.55,Запись №931
Студент_932,102,3.60,Запись №932
Студент_933,103,3.65,Запись №933
Студент_934,104,3.70,Запись №934
Студент_935,105,3.75,Запись №935
Студент_936,106,3.80,Запись №936
Студент_937,107,3.85,Запись №937
Студент_938,108,3.90,Запись №938
Студент_939,109,3.95,Запись №939
Студент_940,100,4.00,Запись №940
Студент_941,101,4.05,Запись №941
Студент_942,102,4.10,Запись №942
Студент_943,103,4.15,Запись №943
Студент_944,104,4.20,Запись №944
Студент_945,105,4.25,Запись №945
Студент_946,106,4.30,Запись №946
Студент_947,107,4.35,Запись №947
Студент_948,108,4.40,Запись №948
Студент_949,109,4.45,Запись №949
Студент_950,100,4.50,Запись №950
Студент_951,101,4.55,Запись №951
Студент_952,102,4.60,Запись №952
Студент_953,103,4.65,Запись №953
Студент_954,104,4.70,Запись №954
Студент_955,105,4.75,Запись №955
Студент_956,106,4.80,Запись №956
Студент_957,107,4.85,Запись №957
Студент_958,108,4.90,Запись №958
Студент_959,109,4.95,Запись №959
Студент_960,100,3.00,Запись №960
Студент_961,101,3.05,Запись №961
Студент_962,102,3.10,Запись №962
Студент_963,103,3.15,Запись №963
Студент_964,104,3.20,Запись №964
Студент_965,105,3.25,Запись №965
Студент_966,106,3.30,Запись №966
Студент_967,107,3.35,Запись №967
Студент_968,108,3.40,Запись №968
Студент_969,109,3.45,Запись №969
Студент_970,100,3.50,Запись №970
Студент_971,101,3.55,Запись №971
Студент_972,102,3.60,Запись №972
Студент_973,103,3.65,Запись №973
Студент_974,104,3.70,Запись №974
Студент_975,105,3.75,Запись №975
Студент_976,106,3.80,Запись №976
Студент_977,107,3.85,Запись №977
Студент_978,108,3.90,Запись №978
Студент_979,109,3.95,Запись №979
Студент_980,100,4.00,Запись №980
Студент_981,101,4.05,Запись №981
Студент_982,102,4.10,Запись №982
Студент_983,103,4.15,Запись №983
Студент_984,104,4.20,Запись №984
Студент_985,105,4.25,Запись №985
Студент_986,106,4.30,Запись №986
Студент_987,107,4.35,Запись №987
Студент_988,108,4.40,Запись №988
Студент_989,109,4.45,Запись №989
Студент_990,100,4.50,Запись №990
Студент_991,101,4.55,Запись №991
Студент_992,102,4.60,Запись №992
Студент_993,103,4.65,Запись №993
Студент_994,104,4.70,Запись №994
Студент_995,105,4.75,Запись №995
Студент_996,106,4.80,Запись №996
Студент_997,107,4.85,Запись №997
Студент_998,108,4.90,Запись №998
Студент_999,109,4.95,Запись №999
